{
  "header_types" : [
    {
      "name" : "scalars_0",
      "id" : 0,
      "fields" : [
        ["userMetadata.countereth", 16, false],
        ["userMetadata.counterip", 16, false],
        ["userMetadata.countertcp", 16, false],
        ["userMetadata.counterudp", 16, false],
        ["userMetadata.counterhttp", 16, false],
        ["userMetadata.counterdns", 16, false],
        ["userMetadata.counterothers", 16, false],
        ["userMetadata.protocol", 8, false],
        ["userMetadata.dstAddr", 32, false],
        ["userMetadata.srcAddr", 32, false],
        ["userMetadata.srcPort", 16, false],
        ["userMetadata.dstPort", 16, false]
      ]
    },
    {
      "name" : "standard_metadata",
      "id" : 1,
      "fields" : [
        ["ingress_port", 9, false],
        ["egress_spec", 9, false],
        ["egress_port", 9, false],
        ["instance_type", 32, false],
        ["packet_length", 32, false],
        ["enq_timestamp", 32, false],
        ["enq_qdepth", 19, false],
        ["deq_timedelta", 32, false],
        ["deq_qdepth", 19, false],
        ["ingress_global_timestamp", 48, false],
        ["egress_global_timestamp", 48, false],
        ["mcast_grp", 16, false],
        ["egress_rid", 16, false],
        ["checksum_error", 1, false],
        ["parser_error", 32, false],
        ["priority", 3, false],
        ["_padding", 3, false]
      ]
    },
    {
      "name" : "ethernet_t",
      "id" : 2,
      "fields" : [
        ["dstAddr", 48, false],
        ["srcAddr", 48, false],
        ["etherType", 16, false]
      ]
    },
    {
      "name" : "ipv4_t",
      "id" : 3,
      "fields" : [
        ["version", 4, false],
        ["ihl", 4, false],
        ["dscp", 6, false],
        ["ecn", 2, false],
        ["totalLen", 16, false],
        ["identification", 16, false],
        ["flags", 3, false],
        ["fragOffset", 13, false],
        ["ttl", 8, false],
        ["protocol", 8, false],
        ["hdrChecksum", 16, false],
        ["srcAddr", 32, false],
        ["dstAddr", 32, false]
      ]
    },
    {
      "name" : "tcp_t",
      "id" : 4,
      "fields" : [
        ["srcPort", 16, false],
        ["dstPort", 16, false],
        ["seqNo", 32, false],
        ["ackNo", 32, false],
        ["dataOffset", 4, false],
        ["res", 4, false],
        ["cwr", 1, false],
        ["ece", 1, false],
        ["urg", 1, false],
        ["ack", 1, false],
        ["psh", 1, false],
        ["rst", 1, false],
        ["syn", 1, false],
        ["fin", 1, false],
        ["window", 16, false],
        ["checksum", 16, false],
        ["urgentPtr", 16, false]
      ]
    },
    {
      "name" : "udp_t",
      "id" : 5,
      "fields" : [
        ["srcPort", 16, false],
        ["dstPort", 16, false],
        ["length", 16, false],
        ["checksum", 16, false]
      ]
    },
    {
      "name" : "http_t",
      "id" : 6,
      "fields" : [
        ["method", 4, false],
        ["uri", 16, false],
        ["version", 8, false],
        ["host", 32, false],
        ["useragent", 32, false],
        ["accept", 32, false],
        ["acceptlanguage", 32, false],
        ["acceptencoding", 32, false],
        ["connect", 16, false],
        ["cookies", 32, false],
        ["referer", 32, false],
        ["unuse", 4, false]
      ]
    },
    {
      "name" : "dns_t",
      "id" : 7,
      "fields" : [
        ["ID", 16, false],
        ["flag", 16, false],
        ["numQues", 16, false],
        ["sourRec", 16, false],
        ["Authernum", 16, false],
        ["Othernum", 16, false],
        ["unuse", 64, false]
      ]
    },
    {
      "name" : "others_t",
      "id" : 8,
      "fields" : [
        ["total", 200, false]
      ]
    }
  ],
  "headers" : [
    {
      "name" : "scalars",
      "id" : 0,
      "header_type" : "scalars_0",
      "metadata" : true,
      "pi_omit" : true
    },
    {
      "name" : "standard_metadata",
      "id" : 1,
      "header_type" : "standard_metadata",
      "metadata" : true,
      "pi_omit" : true
    },
    {
      "name" : "ethernet",
      "id" : 2,
      "header_type" : "ethernet_t",
      "metadata" : false,
      "pi_omit" : true
    },
    {
      "name" : "ipv4",
      "id" : 3,
      "header_type" : "ipv4_t",
      "metadata" : false,
      "pi_omit" : true
    },
    {
      "name" : "tcp",
      "id" : 4,
      "header_type" : "tcp_t",
      "metadata" : false,
      "pi_omit" : true
    },
    {
      "name" : "udp",
      "id" : 5,
      "header_type" : "udp_t",
      "metadata" : false,
      "pi_omit" : true
    },
    {
      "name" : "http",
      "id" : 6,
      "header_type" : "http_t",
      "metadata" : false,
      "pi_omit" : true
    },
    {
      "name" : "dns",
      "id" : 7,
      "header_type" : "dns_t",
      "metadata" : false,
      "pi_omit" : true
    },
    {
      "name" : "others",
      "id" : 8,
      "header_type" : "others_t",
      "metadata" : false,
      "pi_omit" : true
    }
  ],
  "header_stacks" : [],
  "header_union_types" : [],
  "header_unions" : [],
  "header_union_stacks" : [],
  "field_lists" : [
    {
      "id" : 1,
      "name" : "fl",
      "source_info" : {
        "filename" : "underdesign.p4",
        "line" : 185,
        "column" : 37,
        "source_fragment" : "meta"
      },
      "elements" : [
        {
          "type" : "field",
          "value" : ["scalars", "userMetadata.countereth"]
        },
        {
          "type" : "field",
          "value" : ["scalars", "userMetadata.counterip"]
        },
        {
          "type" : "field",
          "value" : ["scalars", "userMetadata.countertcp"]
        },
        {
          "type" : "field",
          "value" : ["scalars", "userMetadata.counterudp"]
        },
        {
          "type" : "field",
          "value" : ["scalars", "userMetadata.counterhttp"]
        },
        {
          "type" : "field",
          "value" : ["scalars", "userMetadata.counterdns"]
        },
        {
          "type" : "field",
          "value" : ["scalars", "userMetadata.counterothers"]
        },
        {
          "type" : "field",
          "value" : ["scalars", "userMetadata.protocol"]
        },
        {
          "type" : "field",
          "value" : ["scalars", "userMetadata.dstAddr"]
        },
        {
          "type" : "field",
          "value" : ["scalars", "userMetadata.srcAddr"]
        },
        {
          "type" : "field",
          "value" : ["scalars", "userMetadata.srcPort"]
        },
        {
          "type" : "field",
          "value" : ["scalars", "userMetadata.dstPort"]
        }
      ]
    }
  ],
  "errors" : [
    ["NoError", 0],
    ["PacketTooShort", 1],
    ["NoMatch", 2],
    ["StackOutOfBounds", 3],
    ["HeaderTooShort", 4],
    ["ParserTimeout", 5],
    ["ParserInvalidArgument", 6]
  ],
  "enums" : [],
  "parsers" : [
    {
      "name" : "parser",
      "id" : 0,
      "init_state" : "start",
      "parse_states" : [
        {
          "name" : "start",
          "id" : 0,
          "parser_ops" : [
            {
              "parameters" : [
                {
                  "type" : "regular",
                  "value" : "ethernet"
                }
              ],
              "op" : "extract"
            }
          ],
          "transitions" : [
            {
              "type" : "hexstr",
              "value" : "0x0800",
              "mask" : null,
              "next_state" : "ipv4"
            },
            {
              "type" : "default",
              "value" : null,
              "mask" : null,
              "next_state" : null
            }
          ],
          "transition_key" : [
            {
              "type" : "field",
              "value" : ["ethernet", "etherType"]
            }
          ]
        },
        {
          "name" : "ipv4",
          "id" : 1,
          "parser_ops" : [
            {
              "parameters" : [
                {
                  "type" : "regular",
                  "value" : "ipv4"
                }
              ],
              "op" : "extract"
            }
          ],
          "transitions" : [
            {
              "type" : "hexstr",
              "value" : "0x06",
              "mask" : null,
              "next_state" : "tcp"
            },
            {
              "type" : "hexstr",
              "value" : "0x11",
              "mask" : null,
              "next_state" : "udp"
            },
            {
              "type" : "default",
              "value" : null,
              "mask" : null,
              "next_state" : null
            }
          ],
          "transition_key" : [
            {
              "type" : "field",
              "value" : ["ipv4", "protocol"]
            }
          ]
        },
        {
          "name" : "tcp",
          "id" : 2,
          "parser_ops" : [
            {
              "parameters" : [
                {
                  "type" : "regular",
                  "value" : "tcp"
                }
              ],
              "op" : "extract"
            }
          ],
          "transitions" : [
            {
              "type" : "hexstr",
              "value" : "0x0050",
              "mask" : null,
              "next_state" : "http"
            },
            {
              "type" : "hexstr",
              "value" : "0x0035",
              "mask" : null,
              "next_state" : "dns"
            },
            {
              "type" : "hexstr",
              "value" : "0x0019",
              "mask" : null,
              "next_state" : "others"
            },
            {
              "type" : "hexstr",
              "value" : "0x0017",
              "mask" : null,
              "next_state" : "others"
            },
            {
              "type" : "hexstr",
              "value" : "0x0014",
              "mask" : null,
              "next_state" : "others"
            },
            {
              "type" : "hexstr",
              "value" : "0x0015",
              "mask" : null,
              "next_state" : "others"
            },
            {
              "type" : "default",
              "value" : null,
              "mask" : null,
              "next_state" : null
            }
          ],
          "transition_key" : [
            {
              "type" : "field",
              "value" : ["tcp", "dstPort"]
            }
          ]
        },
        {
          "name" : "udp",
          "id" : 3,
          "parser_ops" : [
            {
              "parameters" : [
                {
                  "type" : "regular",
                  "value" : "udp"
                }
              ],
              "op" : "extract"
            }
          ],
          "transitions" : [
            {
              "type" : "hexstr",
              "value" : "0x0050",
              "mask" : null,
              "next_state" : "http"
            },
            {
              "type" : "hexstr",
              "value" : "0x0035",
              "mask" : null,
              "next_state" : "dns"
            },
            {
              "type" : "hexstr",
              "value" : "0x0019",
              "mask" : null,
              "next_state" : "others"
            },
            {
              "type" : "hexstr",
              "value" : "0x0017",
              "mask" : null,
              "next_state" : "others"
            },
            {
              "type" : "hexstr",
              "value" : "0x0014",
              "mask" : null,
              "next_state" : "others"
            },
            {
              "type" : "hexstr",
              "value" : "0x0015",
              "mask" : null,
              "next_state" : "others"
            },
            {
              "type" : "default",
              "value" : null,
              "mask" : null,
              "next_state" : null
            }
          ],
          "transition_key" : [
            {
              "type" : "field",
              "value" : ["udp", "dstPort"]
            }
          ]
        },
        {
          "name" : "http",
          "id" : 4,
          "parser_ops" : [
            {
              "parameters" : [
                {
                  "type" : "regular",
                  "value" : "http"
                }
              ],
              "op" : "extract"
            }
          ],
          "transitions" : [
            {
              "type" : "default",
              "value" : null,
              "mask" : null,
              "next_state" : null
            }
          ],
          "transition_key" : []
        },
        {
          "name" : "dns",
          "id" : 5,
          "parser_ops" : [
            {
              "parameters" : [
                {
                  "type" : "regular",
                  "value" : "dns"
                }
              ],
              "op" : "extract"
            }
          ],
          "transitions" : [
            {
              "type" : "default",
              "value" : null,
              "mask" : null,
              "next_state" : null
            }
          ],
          "transition_key" : []
        },
        {
          "name" : "others",
          "id" : 6,
          "parser_ops" : [
            {
              "parameters" : [
                {
                  "type" : "regular",
                  "value" : "others"
                }
              ],
              "op" : "extract"
            }
          ],
          "transitions" : [
            {
              "type" : "default",
              "value" : null,
              "mask" : null,
              "next_state" : null
            }
          ],
          "transition_key" : []
        }
      ]
    }
  ],
  "parse_vsets" : [],
  "deparsers" : [
    {
      "name" : "deparser",
      "id" : 0,
      "source_info" : {
        "filename" : "include/praser.p4",
        "line" : 72,
        "column" : 8,
        "source_fragment" : "MyDeparser"
      },
      "order" : ["ethernet", "ipv4", "tcp", "udp", "http", "dns", "others"],
      "primitives" : []
    }
  ],
  "meter_arrays" : [],
  "counter_arrays" : [],
  "register_arrays" : [
    {
      "name" : "MyIngress.counters",
      "id" : 0,
      "source_info" : {
        "filename" : "underdesign.p4",
        "line" : 20,
        "column" : 44,
        "source_fragment" : "counters"
      },
      "size" : 8,
      "bitwidth" : 16
    }
  ],
  "calculations" : [
    {
      "name" : "calc",
      "id" : 0,
      "source_info" : {
        "filename" : "underdesign.p4",
        "line" : 206,
        "column" : 1,
        "source_fragment" : "update_checksum( ..."
      },
      "algo" : "csum16",
      "input" : [
        {
          "type" : "field",
          "value" : ["ipv4", "version"]
        },
        {
          "type" : "field",
          "value" : ["ipv4", "ihl"]
        },
        {
          "type" : "field",
          "value" : ["ipv4", "dscp"]
        },
        {
          "type" : "field",
          "value" : ["ipv4", "ecn"]
        },
        {
          "type" : "field",
          "value" : ["ipv4", "totalLen"]
        },
        {
          "type" : "field",
          "value" : ["ipv4", "identification"]
        },
        {
          "type" : "field",
          "value" : ["ipv4", "flags"]
        },
        {
          "type" : "field",
          "value" : ["ipv4", "fragOffset"]
        },
        {
          "type" : "field",
          "value" : ["ipv4", "ttl"]
        },
        {
          "type" : "field",
          "value" : ["ipv4", "protocol"]
        },
        {
          "type" : "field",
          "value" : ["ipv4", "srcAddr"]
        },
        {
          "type" : "field",
          "value" : ["ipv4", "dstAddr"]
        }
      ]
    }
  ],
  "learn_lists" : [],
  "actions" : [
    {
      "name" : "NoAction",
      "id" : 0,
      "runtime_data" : [],
      "primitives" : []
    },
    {
      "name" : "NoAction",
      "id" : 1,
      "runtime_data" : [],
      "primitives" : []
    },
    {
      "name" : "MyIngress.drop",
      "id" : 2,
      "runtime_data" : [],
      "primitives" : [
        {
          "op" : "mark_to_drop",
          "parameters" : [
            {
              "type" : "header",
              "value" : "standard_metadata"
            }
          ],
          "source_info" : {
            "filename" : "underdesign.p4",
            "line" : 30,
            "column" : 6,
            "source_fragment" : "mark_to_drop(standard_metadata)"
          }
        }
      ]
    },
    {
      "name" : "MyIngress.drop",
      "id" : 3,
      "runtime_data" : [],
      "primitives" : [
        {
          "op" : "mark_to_drop",
          "parameters" : [
            {
              "type" : "header",
              "value" : "standard_metadata"
            }
          ],
          "source_info" : {
            "filename" : "underdesign.p4",
            "line" : 30,
            "column" : 6,
            "source_fragment" : "mark_to_drop(standard_metadata)"
          }
        }
      ]
    },
    {
      "name" : "underdesign114",
      "id" : 4,
      "runtime_data" : [],
      "primitives" : [
        {
          "op" : "register_read",
          "parameters" : [
            {
              "type" : "field",
              "value" : ["scalars", "userMetadata.counterip"]
            },
            {
              "type" : "register_array",
              "value" : "MyIngress.counters"
            },
            {
              "type" : "hexstr",
              "value" : "0x00000002"
            }
          ],
          "source_info" : {
            "filename" : "underdesign.p4",
            "line" : 114,
            "column" : 12,
            "source_fragment" : "counters.read(meta.counterip,(bit<32>)2)"
          }
        },
        {
          "op" : "assign",
          "parameters" : [
            {
              "type" : "field",
              "value" : ["scalars", "userMetadata.counterip"]
            },
            {
              "type" : "expression",
              "value" : {
                "type" : "expression",
                "value" : {
                  "op" : "&",
                  "left" : {
                    "type" : "expression",
                    "value" : {
                      "op" : "+",
                      "left" : {
                        "type" : "field",
                        "value" : ["scalars", "userMetadata.counterip"]
                      },
                      "right" : {
                        "type" : "hexstr",
                        "value" : "0x0001"
                      }
                    }
                  },
                  "right" : {
                    "type" : "hexstr",
                    "value" : "0xffff"
                  }
                }
              }
            }
          ],
          "source_info" : {
            "filename" : "underdesign.p4",
            "line" : 115,
            "column" : 12,
            "source_fragment" : "meta.counterip = meta.counterip+1"
          }
        },
        {
          "op" : "register_write",
          "parameters" : [
            {
              "type" : "register_array",
              "value" : "MyIngress.counters"
            },
            {
              "type" : "hexstr",
              "value" : "0x00000002"
            },
            {
              "type" : "field",
              "value" : ["scalars", "userMetadata.counterip"]
            }
          ],
          "source_info" : {
            "filename" : "underdesign.p4",
            "line" : 116,
            "column" : 12,
            "source_fragment" : "counters.write((bit<32>)2,meta.counterip)"
          }
        }
      ]
    },
    {
      "name" : "underdesign110",
      "id" : 5,
      "runtime_data" : [],
      "primitives" : [
        {
          "op" : "register_read",
          "parameters" : [
            {
              "type" : "field",
              "value" : ["scalars", "userMetadata.countereth"]
            },
            {
              "type" : "register_array",
              "value" : "MyIngress.counters"
            },
            {
              "type" : "hexstr",
              "value" : "0x00000001"
            }
          ],
          "source_info" : {
            "filename" : "underdesign.p4",
            "line" : 110,
            "column" : 8,
            "source_fragment" : "counters.read(meta.countereth,(bit<32>)1)"
          }
        },
        {
          "op" : "assign",
          "parameters" : [
            {
              "type" : "field",
              "value" : ["scalars", "userMetadata.countereth"]
            },
            {
              "type" : "expression",
              "value" : {
                "type" : "expression",
                "value" : {
                  "op" : "&",
                  "left" : {
                    "type" : "expression",
                    "value" : {
                      "op" : "+",
                      "left" : {
                        "type" : "field",
                        "value" : ["scalars", "userMetadata.countereth"]
                      },
                      "right" : {
                        "type" : "hexstr",
                        "value" : "0x0001"
                      }
                    }
                  },
                  "right" : {
                    "type" : "hexstr",
                    "value" : "0xffff"
                  }
                }
              }
            }
          ],
          "source_info" : {
            "filename" : "underdesign.p4",
            "line" : 111,
            "column" : 8,
            "source_fragment" : "meta.countereth = meta.countereth+1"
          }
        },
        {
          "op" : "register_write",
          "parameters" : [
            {
              "type" : "register_array",
              "value" : "MyIngress.counters"
            },
            {
              "type" : "hexstr",
              "value" : "0x00000001"
            },
            {
              "type" : "field",
              "value" : ["scalars", "userMetadata.countereth"]
            }
          ],
          "source_info" : {
            "filename" : "underdesign.p4",
            "line" : 112,
            "column" : 8,
            "source_fragment" : "counters.write((bit<32>)1,meta.countereth)"
          }
        }
      ]
    },
    {
      "name" : "underdesign185",
      "id" : 6,
      "runtime_data" : [],
      "primitives" : [
        {
          "op" : "clone_ingress_pkt_to_egress",
          "parameters" : [
            {
              "type" : "hexstr",
              "value" : "0x00000064"
            },
            {
              "type" : "hexstr",
              "value" : "0x1"
            }
          ],
          "source_info" : {
            "filename" : "underdesign.p4",
            "line" : 185,
            "column" : 10,
            "source_fragment" : "clone3(CloneType.I2E, 100, meta)"
          }
        }
      ]
    }
  ],
  "pipelines" : [
    {
      "name" : "ingress",
      "id" : 0,
      "source_info" : {
        "filename" : "underdesign.p4",
        "line" : 16,
        "column" : 8,
        "source_fragment" : "MyIngress"
      },
      "init_table" : "tbl_underdesign110",
      "tables" : [
        {
          "name" : "tbl_underdesign110",
          "id" : 0,
          "source_info" : {
            "filename" : "underdesign.p4",
            "line" : 110,
            "column" : 8,
            "source_fragment" : "counters.read(meta.countereth,(bit<32>)1); ..."
          },
          "key" : [],
          "match_type" : "exact",
          "type" : "simple",
          "max_size" : 1024,
          "with_counters" : false,
          "support_timeout" : false,
          "direct_meters" : null,
          "action_ids" : [5],
          "actions" : ["underdesign110"],
          "base_default_next" : "node_3",
          "next_tables" : {
            "underdesign110" : "node_3"
          },
          "default_entry" : {
            "action_id" : 5,
            "action_const" : true,
            "action_data" : [],
            "action_entry_const" : true
          }
        },
        {
          "name" : "tbl_underdesign114",
          "id" : 1,
          "source_info" : {
            "filename" : "underdesign.p4",
            "line" : 114,
            "column" : 12,
            "source_fragment" : "counters.read(meta.counterip,(bit<32>)2); ..."
          },
          "key" : [],
          "match_type" : "exact",
          "type" : "simple",
          "max_size" : 1024,
          "with_counters" : false,
          "support_timeout" : false,
          "direct_meters" : null,
          "action_ids" : [4],
          "actions" : ["underdesign114"],
          "base_default_next" : "node_5",
          "next_tables" : {
            "underdesign114" : "node_5"
          },
          "default_entry" : {
            "action_id" : 4,
            "action_const" : true,
            "action_data" : [],
            "action_entry_const" : true
          }
        },
        {
          "name" : "MyIngress.tdrop_wrpacket",
          "id" : 2,
          "source_info" : {
            "filename" : "underdesign.p4",
            "line" : 68,
            "column" : 10,
            "source_fragment" : "tdrop_wrpacket"
          },
          "key" : [
            {
              "match_type" : "exact",
              "name" : "hdr.ipv4.srcAddr",
              "target" : ["ipv4", "srcAddr"],
              "mask" : null
            },
            {
              "match_type" : "exact",
              "name" : "hdr.ipv4.dstAddr",
              "target" : ["ipv4", "dstAddr"],
              "mask" : null
            },
            {
              "match_type" : "exact",
              "name" : "hdr.tcp.srcPort",
              "target" : ["tcp", "srcPort"],
              "mask" : null
            },
            {
              "match_type" : "exact",
              "name" : "hdr.tcp.dstPort",
              "target" : ["tcp", "dstPort"],
              "mask" : null
            },
            {
              "match_type" : "exact",
              "name" : "hdr.ipv4.protocol",
              "target" : ["ipv4", "protocol"],
              "mask" : null
            }
          ],
          "match_type" : "exact",
          "type" : "simple",
          "max_size" : 8,
          "with_counters" : false,
          "support_timeout" : false,
          "direct_meters" : null,
          "action_ids" : [2, 0],
          "actions" : ["MyIngress.drop", "NoAction"],
          "base_default_next" : "tbl_underdesign185",
          "next_tables" : {
            "MyIngress.drop" : "tbl_underdesign185",
            "NoAction" : "tbl_underdesign185"
          },
          "default_entry" : {
            "action_id" : 0,
            "action_const" : false,
            "action_data" : [],
            "action_entry_const" : false
          }
        },
        {
          "name" : "MyIngress.udrop_wrpacket",
          "id" : 3,
          "source_info" : {
            "filename" : "underdesign.p4",
            "line" : 83,
            "column" : 10,
            "source_fragment" : "udrop_wrpacket"
          },
          "key" : [
            {
              "match_type" : "exact",
              "name" : "hdr.ipv4.srcAddr",
              "target" : ["ipv4", "srcAddr"],
              "mask" : null
            },
            {
              "match_type" : "exact",
              "name" : "hdr.ipv4.dstAddr",
              "target" : ["ipv4", "dstAddr"],
              "mask" : null
            },
            {
              "match_type" : "exact",
              "name" : "hdr.udp.srcPort",
              "target" : ["udp", "srcPort"],
              "mask" : null
            },
            {
              "match_type" : "exact",
              "name" : "hdr.udp.dstPort",
              "target" : ["udp", "dstPort"],
              "mask" : null
            },
            {
              "match_type" : "exact",
              "name" : "hdr.ipv4.protocol",
              "target" : ["ipv4", "protocol"],
              "mask" : null
            }
          ],
          "match_type" : "exact",
          "type" : "simple",
          "max_size" : 8,
          "with_counters" : false,
          "support_timeout" : false,
          "direct_meters" : null,
          "action_ids" : [3, 1],
          "actions" : ["MyIngress.drop", "NoAction"],
          "base_default_next" : "tbl_underdesign185",
          "next_tables" : {
            "MyIngress.drop" : "tbl_underdesign185",
            "NoAction" : "tbl_underdesign185"
          },
          "default_entry" : {
            "action_id" : 1,
            "action_const" : false,
            "action_data" : [],
            "action_entry_const" : false
          }
        },
        {
          "name" : "tbl_underdesign185",
          "id" : 4,
          "source_info" : {
            "filename" : "underdesign.p4",
            "line" : 185,
            "column" : 10,
            "source_fragment" : "clone3(CloneType.I2E, 100, meta)"
          },
          "key" : [],
          "match_type" : "exact",
          "type" : "simple",
          "max_size" : 1024,
          "with_counters" : false,
          "support_timeout" : false,
          "direct_meters" : null,
          "action_ids" : [6],
          "actions" : ["underdesign185"],
          "base_default_next" : null,
          "next_tables" : {
            "underdesign185" : null
          },
          "default_entry" : {
            "action_id" : 6,
            "action_const" : true,
            "action_data" : [],
            "action_entry_const" : true
          }
        }
      ],
      "action_profiles" : [],
      "conditionals" : [
        {
          "name" : "node_3",
          "id" : 0,
          "source_info" : {
            "filename" : "underdesign.p4",
            "line" : 113,
            "column" : 11,
            "source_fragment" : "hdr.ipv4.isValid()"
          },
          "expression" : {
            "type" : "expression",
            "value" : {
              "op" : "d2b",
              "left" : null,
              "right" : {
                "type" : "field",
                "value" : ["ipv4", "$valid$"]
              }
            }
          },
          "true_next" : "tbl_underdesign114",
          "false_next" : "tbl_underdesign185"
        },
        {
          "name" : "node_5",
          "id" : 1,
          "source_info" : {
            "filename" : "underdesign.p4",
            "line" : 117,
            "column" : 15,
            "source_fragment" : "hdr.tcp.isValid()"
          },
          "expression" : {
            "type" : "expression",
            "value" : {
              "op" : "d2b",
              "left" : null,
              "right" : {
                "type" : "field",
                "value" : ["tcp", "$valid$"]
              }
            }
          },
          "true_next" : "MyIngress.tdrop_wrpacket",
          "false_next" : "node_7"
        },
        {
          "name" : "node_7",
          "id" : 2,
          "source_info" : {
            "filename" : "underdesign.p4",
            "line" : 150,
            "column" : 20,
            "source_fragment" : "hdr.tcp.isValid()"
          },
          "expression" : {
            "type" : "expression",
            "value" : {
              "op" : "d2b",
              "left" : null,
              "right" : {
                "type" : "field",
                "value" : ["tcp", "$valid$"]
              }
            }
          },
          "true_next" : "MyIngress.udrop_wrpacket",
          "false_next" : "tbl_underdesign185"
        }
      ]
    },
    {
      "name" : "egress",
      "id" : 1,
      "source_info" : {
        "filename" : "underdesign.p4",
        "line" : 191,
        "column" : 8,
        "source_fragment" : "MyEgress"
      },
      "init_table" : null,
      "tables" : [],
      "action_profiles" : [],
      "conditionals" : []
    }
  ],
  "checksums" : [
    {
      "name" : "cksum",
      "id" : 0,
      "source_info" : {
        "filename" : "underdesign.p4",
        "line" : 206,
        "column" : 1,
        "source_fragment" : "update_checksum( ..."
      },
      "target" : ["ipv4", "hdrChecksum"],
      "type" : "generic",
      "calculation" : "calc",
      "verify" : false,
      "update" : true,
      "if_cond" : {
        "type" : "expression",
        "value" : {
          "op" : "d2b",
          "left" : null,
          "right" : {
            "type" : "field",
            "value" : ["ipv4", "$valid$"]
          }
        }
      }
    }
  ],
  "force_arith" : [],
  "extern_instances" : [],
  "field_aliases" : [
    [
      "queueing_metadata.enq_timestamp",
      ["standard_metadata", "enq_timestamp"]
    ],
    [
      "queueing_metadata.enq_qdepth",
      ["standard_metadata", "enq_qdepth"]
    ],
    [
      "queueing_metadata.deq_timedelta",
      ["standard_metadata", "deq_timedelta"]
    ],
    [
      "queueing_metadata.deq_qdepth",
      ["standard_metadata", "deq_qdepth"]
    ],
    [
      "intrinsic_metadata.ingress_global_timestamp",
      ["standard_metadata", "ingress_global_timestamp"]
    ],
    [
      "intrinsic_metadata.egress_global_timestamp",
      ["standard_metadata", "egress_global_timestamp"]
    ],
    [
      "intrinsic_metadata.mcast_grp",
      ["standard_metadata", "mcast_grp"]
    ],
    [
      "intrinsic_metadata.egress_rid",
      ["standard_metadata", "egress_rid"]
    ],
    [
      "intrinsic_metadata.priority",
      ["standard_metadata", "priority"]
    ]
  ],
  "program" : "bulid/underdesign.p4i",
  "__meta__" : {
    "version" : [2, 23],
    "compiler" : "https://github.com/p4lang/p4c"
  }
}